id,date,indicator,z_value,direction,fwd_ret_1d,fwd_ret_3d,fwd_ret_5d
KOSPI200,2026-07-02,basis_bp,2.835047776413566,1,,,
NDX,2026-07-02,asset_mgr_net,-1.5019566748739694,-1,,,
NDX,2026-07-02,oi_chg_w,-2.395239030340417,-1,,,
SPX,2026-07-02,oi_chg_w,-2.3433668337083113,-1,,,
NDX,2026-07-01,basis_bp,1.7817188580126098,1,-0.016099762322458466,,
NDX,2026-07-01,oi_chg_w,-2.5675625294247384,-1,-0.016099762322458466,,
SPX,2026-07-01,basis_bp,1.7585075583887873,1,1.3702513856905796e-06,,
SPX,2026-07-01,oi_chg_w,-2.504925506362378,-1,1.3702513856905796e-06,,
KOSPI200,2026-06-30,asset_mgr_net,1.589774028963773,1,-0.025803768794729898,,
NDX,2026-06-30,oi_chg_w,-2.7763979285182345,-1,-0.015431805882414773,,
SPX,2026-06-30,oi_chg_w,-2.700507196746908,-1,-0.0021508346187620875,,
KOSPI200,2026-06-29,asset_mgr_net,1.5445704843546504,1,0.013448770461502058,-0.09827435787481342,
KOSPI200,2026-06-29,lev_net,-2.4313533787451287,-1,0.013448770461502058,-0.09827435787481342,
NDX,2026-06-29,basis_bp,1.7736158389124215,1,0.016846475935986094,-0.01496365418685297,
NDX,2026-06-29,oi_chg_w,-3.034799575444713,-1,0.016846475935986094,-0.01496365418685297,
SPX,2026-06-29,basis_bp,1.8155827303132264,1,0.007920198981480553,0.005753707458084456,
SPX,2026-06-29,oi_chg_w,-2.9399055176771247,-1,0.007920198981480553,0.005753707458084456,
KOSPI200,2026-06-26,asset_mgr_net,-2.696693700343231,-1,-0.010208636726210973,-0.022780993640641456,
KOSPI200,2026-06-26,basis_bp,2.4058626043042213,1,-0.010208636726210973,-0.022780993640641456,
NDX,2026-06-26,basis_bp,1.5466170242899364,1,0.022546340724600933,0.023727073457701087,
NDX,2026-06-26,oi_chg_w,-3.367320816137176,-1,0.022546340724600933,0.023727073457701087,
SPX,2026-06-26,oi_chg_w,-3.2434370618473265,-1,0.011750057250389023,0.017569976773837537,
KOSPI200,2026-06-25,asset_mgr_net,1.9039964786549322,1,-0.060282639342571276,-0.05736684661142255,-0.16128322387649152
NDX,2026-06-25,basis_bp,1.962256372307524,1,-0.01094010101473819,0.02839742529975231,-0.0037740545558134775
NDX,2026-06-25,oi_chg_w,-3.8198982611515975,-1,-0.01094010101473819,0.02839742529975231,-0.0037740545558134775
SPX,2026-06-25,basis_bp,2.264189502443177,1,-0.00047165741757115853,0.01928234008975238,0.017091426015420685
SPX,2026-06-25,oi_chg_w,-3.6477140319855135,-1,-0.00047165741757115853,0.01928234008975238,0.017091426015420685
NDX,2026-06-24,basis_bp,2.155116529071477,1,0.007537964039179723,0.018983172613046495,0.020159790961247648
NDX,2026-06-24,oi_chg_w,-3.9888000008068065,-1,0.007537964039179723,0.018983172613046495,0.020159790961247648
SPX,2026-06-24,basis_bp,2.6101739609405232,1,-9.92061187945481e-05,0.011172533375891414,0.01698913079182085
SPX,2026-06-24,oi_chg_w,-3.8501346145135797,-1,-9.92061187945481e-05,0.011172533375891414,0.01698913079182085
KOSPI200,2026-06-23,asset_mgr_net,-3.2390257499187283,-1,0.03625633653627891,0.03388817432095026,0.037096164031171996
KOSPI200,2026-06-23,basis_bp,2.627889605342577,1,0.03625633653627891,0.03388817432095026,0.037096164031171996
NDX,2026-06-23,basis_bp,2.5068344348814695,1,-0.004334610558557883,-0.007804109224918587,0.03165814377162701
NDX,2026-06-23,oi_chg_w,-4.180573473609361,-1,-0.004334610558557883,-0.007804109224918587,0.03165814377162701
SPX,2026-06-23,basis_bp,2.8770373506208258,1,-0.0009829319733113406,-0.0015531876443455328,0.018179435236072683
SPX,2026-06-23,oi_chg_w,-4.08749966172835,-1,-0.0009829319733113406,-0.0015531876443455328,0.018179435236072683
NDX,2026-06-22,basis_bp,2.2967946899968292,1,-0.03294585654702542,-0.029879637951679472,-0.018859477638428546
NDX,2026-06-22,lev_net,1.7602261855339654,1,-0.03294585654702542,-0.029879637951679472,-0.018859477638428546
NDX,2026-06-22,oi_chg_w,1.7746802664619663,1,-0.03294585654702542,-0.029879637951679472,-0.018859477638428546
SPX,2026-06-22,basis_bp,2.7232519536721127,1,-0.014362785193208105,-0.015429284656037878,-0.004330358957242875
SPX,2026-06-22,oi_chg_w,2.426845547987986,1,-0.014362785193208105,-0.015429284656037878,-0.004330358957242875
KOSPI200,2026-06-19,basis_bp,2.04465435635071,1,0.01215501411461628,-0.061569874201770625,-0.06371447364814864
NDX,2026-06-18,basis_bp,-3.530553537606118,-1,-0.0019439915380098372,-0.03900945588984661,-0.04235812648393633
NDX,2026-06-18,lev_net,1.8316813909404441,1,-0.0019439915380098372,-0.03900945588984661,-0.04235812648393633
NDX,2026-06-18,oi_chg_w,1.7284153261848583,1,-0.0019439915380098372,-0.03900945588984661,-0.04235812648393633
SPX,2026-06-18,oi_chg_w,2.4280959229570294,1,-0.003705051979052687,-0.018979847131615046,-0.01953982986211744
KOSPI200,2026-06-17,oi_chg_w,1.8306813328633265,1,0.02982420234726213,0.04252030741652968,-0.033416374376310065
NDX,2026-06-17,basis_bp,-1.6693896059275575,-1,0.02477980158148685,-0.010908976491236011,-0.00777288601553261
NDX,2026-06-17,lev_net,1.9097194591752922,1,0.02477980158148685,-0.010908976491236011,-0.00777288601553261
NDX,2026-06-17,oi_chg_w,1.7071256083306383,1,0.02477980158148685,-0.010908976491236011,-0.00777288601553261
SPX,2026-06-17,basis_bp,-1.6905876385859027,-1,0.010846212235623431,-0.007363800487814043,-0.008437873136108553
SPX,2026-06-17,oi_chg_w,2.452390551825602,1,0.010846212235623431,-0.007363800487814043,-0.008437873136108553
KOSPI200,2026-06-16,oi_chg_w,2.2996567676953825,1,0.018128386049118372,0.04867288430310257,-0.050325491830370606
NDX,2026-06-16,basis_bp,-1.5689099077467343,-1,-0.009916589126613196,0.012645073545901608,-0.024962194539603022
NDX,2026-06-16,lev_net,1.9421275095773776,1,-0.009916589126613196,0.012645073545901608,-0.024962194539603022
NDX,2026-06-16,oi_chg_w,1.700296022081183,1,-0.009916589126613196,0.012645073545901608,-0.024962194539603022
SPX,2026-06-16,basis_bp,-1.5464084404485874,-1,-0.012148282108228825,-0.005133572272950193,-0.020386465924452257
SPX,2026-06-16,lev_net,-1.5406479253420584,-1,-0.012148282108228825,-0.005133572272950193,-0.020386465924452257
SPX,2026-06-16,oi_chg_w,2.4844066562034723,1,-0.012148282108228825,-0.005133572272950193,-0.020386465924452257
KOSPI200,2026-06-15,basis_bp,2.5177583266275394,1,0.023142634496346348,0.07275814917736323,0.08598356196609469
NDX,2026-06-15,basis_bp,-1.5679979507109898,-1,-0.018851184260983866,-0.004509259751279027,-0.03917802278442917
KOSPI200,2026-06-12,lev_net,1.560009285002157,1,0.0533872316699191,0.0973035343679336,0.13022333736022063
SPX,2026-06-12,basis_bp,-1.6187427705958541,-1,0.016528391294663436,-0.0015286179756012208,0.005561501823631687
KOSPI200,2026-06-11,oi_chg_w,-1.9142875847142549,-1,0.04854085129187835,0.1300810367507348,0.18488234243305146
NDX,2026-06-11,basis_bp,-1.5080426314601973,-1,0.006444623148535555,0.0177255989542362,0.03260218391021108
SPX,2026-06-11,basis_bp,-1.7181364081842276,-1,0.0050255138730570525,0.015829800800685412,0.014373270795718263
KOSPI200,2026-06-10,asset_mgr_net,-1.770534784465715,-1,0.0036019297216247637,0.1084979464111091,0.15471184562227025
KOSPI200,2026-06-10,basis_bp,1.640343998848114,1,0.0036019297216247637,0.1084979464111091,0.15471184562227025
KOSPI200,2026-06-10,iv_skew_25d,3.7924277567097913,1,0.0036019297216247637,0.1084979464111091,0.15471184562227025
KOSPI200,2026-06-10,oi_chg_w,-3.1872903554873444,-1,0.0036019297216247637,0.1084979464111091,0.15471184562227025
KOSPI200,2026-06-10,pcr_oi,1.6268589710678731,1,0.0036019297216247637,0.1084979464111091,0.15471184562227025
KOSPI200,2026-06-09,basis_bp,-2.0598679057298104,-1,-0.05124478119684572,-0.0016081645276018186,0.07603216329055207
KOSPI200,2026-06-09,iv_skew_25d,3.33728074191594,1,-0.05124478119684572,-0.0016081645276018186,0.07603216329055207
KOSPI200,2026-06-09,oi_chg_w,-4.352992751633931,-1,-0.05124478119684572,-0.0016081645276018186,0.07603216329055207
KOSPI200,2026-06-08,basis_bp,-2.9811410644734018,-1,0.09006017496249608,0.037925396531090394,0.1464088863418005
KOSPI200,2026-06-08,iv_skew_25d,3.105525374811098,1,0.09006017496249608,0.037925396531090394,0.1464088863418005
KOSPI200,2026-06-08,oi_chg_w,-2.107733642083994,-1,0.09006017496249608,0.037925396531090394,0.1464088863418005
SPX,2026-06-08,lev_net,-1.549799573127284,-1,-0.0025763939780845124,-0.0015434232427316008,0.020060150584148895
KOSPI200,2026-06-05,iv_skew_25d,2.3913711785294414,1,-0.08517987386470527,-0.053892769579497735,-0.004394689364851767
NDX,2026-06-05,lev_net,-1.5072299488420264,-1,0.01576995891959765,-0.015525123579457567,0.02342561602224058
SPX,2026-06-05,lev_net,-1.6144875022368714,-1,0.0029781310549599205,-0.0158117696850264,0.0064628122127510235
KOSPI200,2026-06-04,iv_skew_25d,2.527984175688896,1,-0.05983067064861258,-0.06245469570007822,-0.10729507959059414
KOSPI200,2026-06-04,lev_net,-2.2372758879859416,-1,-0.05983067064861258,-0.06245469570007822,-0.10729507959059414
NDX,2026-06-04,lev_net,-1.5448952942010985,-1,-0.04769205383151265,-0.04351877110109781,-0.03162446891375503
SPX,2026-06-04,lev_net,-1.6845376402304677,-1,-0.026445361894386843,-0.026061718827809832,-0.025053070409608358
NDX,2026-06-03,lev_net,-1.5871554845960478,-1,-0.005345863833036035,-0.03784538866856524,-0.06748862400355216
SPX,2026-06-03,lev_net,-1.7608601372801207,-1,0.004054961568363158,-0.01958650510341442,-0.037953677510128236
KOSPI200,2026-06-02,iv_skew_25d,2.2962153816330675,1,-0.019662741698229902,-0.15682582093900788,-0.12798902809064627
KOSPI200,2026-06-02,lev_net,-2.2115499749391194,-1,-0.019662741698229902,-0.15682582093900788,-0.12798902809064627
NDX,2026-06-02,lev_net,-1.6187869149671954,-1,-0.002914469258216257,-0.055543597375678155,-0.05140472232947069
SPX,2026-06-02,lev_net,-1.8296679128528368,-1,-0.007372041104846239,-0.029703822865172258,-0.029321463841534556
KOSPI200,2026-06-01,basis_bp,2.676844668439004,1,0.005228907572629726,-0.07349758198741352,-0.07608346250830411
KOSPI200,2026-06-01,iv_skew_25d,-2.5611869485979404,-1,0.005228907572629726,-0.07349758198741352,-0.07608346250830411
KOSPI200,2026-05-29,iv_skew_25d,1.79172401395278,1,0.042515005734201194,0.027360331243204694,-0.11638194247926004
KOSPI200,2026-05-28,iv_skew_25d,1.6181883225211924,1,0.03887603766140324,0.08870699459216924,0.0034427535839451906
KOSPI200,2026-05-27,iv_skew_25d,1.6514031570372407,1,-0.00484270822105537,0.07779899296306003,0.06213140754199831
NDX,2026-05-27,lev_net,-1.5372975401846194,-1,0.008351367884779748,0.018025515708239848,0.019939897571219722
KOSPI200,2026-05-26,iv_skew_25d,1.5555584017081234,1,0.03040784431945287,0.06528206389375901,0.1163796180971497
NDX,2026-05-26,lev_net,-1.5614476161897144,-1,-0.0009249592921561911,0.011061492345779467,0.02197500943317854
NDX,2026-05-22,asset_mgr_net,1.5275669777315617,1,0.017627230930266524,0.025176685702171575,0.03501225603858327
KOSPI200,2026-05-21,asset_mgr_net,1.8040119084376447,1,0.0006611057605980797,0.060103491617831795,0.09598276227942737
KOSPI200,2026-05-21,iv_skew_25d,-2.057206228624588,-1,0.0006611057605980797,0.060103491617831795,0.09598276227942737
NDX,2026-05-21,asset_mgr_net,1.5881254301799077,1,0.00423646666518529,0.02099312337593129,0.03324253828208268
KOSPI200,2026-05-20,iv_skew_25d,-2.838138335680759,-1,0.08859094988049865,0.11996339437232906,0.1484304892892998
NDX,2026-05-20,asset_mgr_net,1.6534428953161155,1,0.002033276130498196,0.024016257675950614,0.03161311061782124
KOSPI200,2026-05-19,iv_skew_25d,-1.860620825151665,-1,-0.006101976298546585,0.08266367602126401,0.14697726991752158
KOSPI200,2026-05-19,lev_net,-1.9000077347961328,-1,-0.006101976298546585,0.08266367602126401,0.14697726991752158
NDX,2026-05-19,asset_mgr_net,1.7242789198213777,1,0.016616191963183757,0.02299887104559284,0.04006859661980555
KOSPI200,2026-05-18,iv_skew_25d,-2.3261036248477494,-1,-0.03319388713395366,0.04603432084009218,0.07618031247332024
NDX,2026-05-18,asset_mgr_net,1.6235101321123202,1,-0.00605390984793186,0.01251623682049785,0.03472919748628445
NDX,2026-05-18,lev_net,-1.6333320763246308,-1,-0.00605390984793186,0.01251623682049785,0.03472919748628445
KOSPI200,2026-05-15,basis_bp,1.8503125472646142,1,0.007665241442200932,-0.03172773337692181,0.05474926659726931
KOSPI200,2026-05-15,lev_net,-1.9828751010819792,-1,0.007665241442200932,-0.03172773337692181,0.05474926659726931
NDX,2026-05-15,asset_mgr_net,1.6831951781488395,1,-0.004491989124001394,0.005922706269042344,0.012238247833873395
NDX,2026-05-15,lev_net,-1.660750383816354,-1,-0.004491989124001394,0.005922706269042344,0.012238247833873395
SPX,2026-05-15,asset_mgr_net,1.5419012878298737,1,-0.0007356678561787344,0.0033029918126139535,0.00876968547529855
KOSPI200,2026-05-14,iv_skew_25d,1.738963139577321,1,-0.06497904550463729,-0.08908677011189137,-0.014438894117457801
NDX,2026-05-14,asset_mgr_net,1.7475644550105436,1,-0.015385291916587773,-0.025742163446244137,-0.007539857408798589
NDX,2026-05-14,lev_net,-1.694953832716375,-1,-0.015385291916587773,-0.025742163446244137,-0.007539857408798589
SPX,2026-05-14,asset_mgr_net,1.5974905013169947,1,-0.012363320128051747,-0.01968079497270636,-0.007401445333909629
KOSPI200,2026-05-13,gex,6.281403933074128,1,0.018849832400403166,-0.04005179606120468,-0.07757935369661606
KOSPI200,2026-05-13,iv_skew_25d,1.8114108524474735,1,0.018849832400403166,-0.04005179606120468,-0.07757935369661606
KOSPI200,2026-05-13,pcr_oi,4.028060417372562,1,0.018849832400403166,-0.04005179606120468,-0.07757935369661606
NDX,2026-05-13,asset_mgr_net,1.817339186130043,1,0.0072653579875274765,-0.012686725938693466,-0.002357761335174846
NDX,2026-05-13,lev_net,-1.7356145563432488,-1,0.0072653579875274765,-0.012686725938693466,-0.002357761335174846
SPX,2026-05-13,asset_mgr_net,1.6571638212804598,1,0.007655604577358366,-0.005534499152030081,-0.0015152345980118387
KOSPI200,2026-05-12,iv_skew_25d,1.6410961936896942,1,0.031062776214498822,-0.017762229489357018,-0.04308734927032898
KOSPI200,2026-05-12,lev_net,-2.1233964395586526,-1,0.031062776214498822,-0.017762229489357018,-0.04308734927032898
KOSPI200,2026-05-12,pcr_oi,4.6573532937389155,1,0.031062776214498822,-0.017762229489357018,-0.04308734927032898
NDX,2026-05-12,asset_mgr_net,1.8934062106156635,1,0.010395346389916238,0.0020780612932658205,-0.00846250209492827
NDX,2026-05-12,lev_net,-1.7826906779428462,-1,0.010395346389916238,0.0020780612932658205,-0.00846250209492827
SPX,2026-05-12,asset_mgr_net,1.7215173603271738,1,0.005849246488426552,0.0010187920353976754,-0.006397831890209593
KOSPI200,2026-05-11,iv_skew_25d,1.8764330518548669,1,-0.023137753417420526,0.026191969887076505,-0.03313412137621352
KOSPI200,2026-05-11,pcr_oi,6.228593715766634,1,-0.023137753417420526,0.026191969887076505,-0.03313412137621352
NDX,2026-05-11,asset_mgr_net,1.5061055880097178,1,-0.008726248782821466,0.008855210749566078,-0.011128365251198091
KOSPI200,2026-05-08,lev_net,-2.089634679036071,-1,0.052355429693268674,0.05993901856372208,0.009746605627318328
NDX,2026-05-08,asset_mgr_net,1.555712618694658,1,0.002930389960392965,0.004513400472932361,-0.0037554661296211878
KOSPI200,2026-05-07,basis_bp,1.5963564249308617,1,0.0011392691284157763,0.02917746508270591,0.0811490094446281
KOSPI200,2026-05-07,lev_net,-2.770568812099136,-1,0.0011392691284157763,0.02917746508270591,0.0811490094446281
NDX,2026-05-07,asset_mgr_net,1.6086099183311764,1,0.023492585373471986,0.017534394794793684,0.03558161914924729
KOSPI200,2026-05-06,asset_mgr_net,-1.8720809782137127,-1,0.017908518718518174,0.07242194346821518,0.08015013765569257
KOSPI200,2026-05-06,lev_net,1.999332889626294,1,0.017908518718518174,0.07242194346821518,0.08015013765569257
NDX,2026-05-06,asset_mgr_net,1.6652287740322615,1,-0.0012315288597960494,0.025227663472258577,0.026845867671940526
NDX,2026-05-05,asset_mgr_net,1.725565545436333,1,0.020849834467523864,0.04354549530452756,0.03747056811169713
KOSPI200,2026-05-04,lev_net,1.9875439495384861,1,0.07618657470037915,0.09670750528742644,0.1274222129070366
KOSPI200,2026-04-30,iv_skew_25d,-4.504723869039278,-1,0.057965025449780994,0.1589578188781937,0.22102504661593514
KOSPI200,2026-04-27,iv_skew_25d,-3.4096451537471704,-1,0.003717360071533893,-0.0031949202776968555,0.1349301236775744
NDX,2026-04-27,asset_mgr_net,1.7779411262594085,1,-0.010132321372013142,0.005362966782036738,0.012676506461710924
NDX,2026-04-24,asset_mgr_net,1.811468730331336,1,7.360789339849738e-05,-0.004273764422837223,0.014895047233162373
NDX,2026-04-23,asset_mgr_net,1.8464553630036706,1,0.019454364481061193,0.00919920479596037,0.024997106698188665
KOSPI200,2026-04-22,iv_skew_25d,1.5325085035550432,1,0.011508315016795834,0.0319433500601336,0.04361755069879325
KOSPI200,2026-04-22,pcr_vol,2.5565654051645574,1,0.011508315016795834,0.0319433500601336,0.04361755069879325
NDX,2026-04-22,asset_mgr_net,1.883017880644605,1,-0.005741056318109283,0.013676228640794319,0.009269725020223829
NDX,2026-04-21,asset_mgr_net,1.9168982221214719,1,0.01728918976072924,0.031125970303202966,0.02075340057439834
SPX,2026-04-21,asset_mgr_net,1.5511787053414188,1,0.010460084168953943,0.014307782102996214,0.010587476736859003
NDX,2026-04-20,lev_net,-1.865314372079984,-1,-0.004169527026600228,0.007231611809211058,0.0269022452497214
NDX,2026-04-17,lev_net,-1.95380924071379,-1,-0.0030777040079131845,0.009929714408399848,0.0236663941669637
NDX,2026-04-16,lev_net,-2.052180404771112,-1,0.01288989813162189,0.005562249007898812,0.017074805733300336
KOSPI200,2026-04-15,basis_bp,2.1707282684713394,1,0.023205324023565232,0.020892428540257413,0.05228016583024209
NDX,2026-04-15,lev_net,-2.1625960062395193,-1,0.004900667039583695,0.01472108175269038,0.027960731160948438
SPX,2026-04-15,asset_mgr_net,1.523389902191587,1,0.0026099558353673835,0.012272611795506982,0.01636772351140614
NDX,2026-04-14,lev_net,-2.295364269742982,-1,0.014030650805858746,0.03213488458710634,0.024668009562920812
SPX,2026-04-14,asset_mgr_net,1.581778729713839,1,0.007975783355387733,0.022774727149970753,0.013868898271338859
SPX,2026-04-13,lev_net,1.8603313386362312,1,0.011782866364792755,0.022514397625473137,0.03236888269321048
SPX,2026-04-10,lev_net,1.9538624674938039,1,0.010173274948748201,0.030227868494435706,0.04535351394467635
KOSPI200,2026-04-09,asset_mgr_net,-1.928062786107229,-1,0.015050534218885359,0.03609587063239972,0.08330349408027726
KOSPI200,2026-04-09,lev_net,1.5149913092943255,1,0.015050534218885359,0.03609587063239972,0.08330349408027726
NDX,2026-04-09,lev_net,-1.536758466489955,-1,0.0013655161995416165,0.03029692346147761,0.04987264474541808
SPX,2026-04-09,lev_net,2.0583764796354074,1,-0.0011385210916523558,0.020912356556215927,0.03174072026251307
KOSPI200,2026-04-08,asset_mgr_net,1.678257950352399,1,-0.019324656494602355,-0.013626941244435309,0.03827550662090373
KOSPI200,2026-04-08,lev_net,1.6107929471336266,1,-0.019324656494602355,-0.013626941244435309,0.03827550662090373
NDX,2026-04-08,lev_net,-1.6003444318874838,-1,0.007184624384618532,0.01929677156593157,0.0522588152565604
SPX,2026-04-08,lev_net,2.177619317128371,1,0.006170023529293189,0.015248868077944344,0.035404225482400964
NDX,2026-04-07,lev_net,-1.66911505372516,-1,0.02895587523593579,0.03776368742309821,0.06774670900390456
SPX,2026-04-07,lev_net,2.3141799029104066,1,0.025081414644149813,0.030231913389326515,0.05297532511434877
NDX,2026-04-06,lev_net,-1.5645225530509244,-1,0.00042159172918077026,0.03678545267947708,0.049253571924219086
SPX,2026-04-06,lev_net,2.6489582727301317,1,0.0007592481161695641,0.03218928429953771,0.041502905097013265
KOSPI200,2026-04-03,basis_bp,1.6703538831489302,1,0.016935564685840232,0.10583475298126044,0.10078665196913517
KOSPI200,2026-04-02,basis_bp,1.6783212977726927,1,0.030582342537727847,0.059989930676581205,0.11763035255541365
NDX,2026-04-02,lev_net,-1.6299203211590114,-1,0.006098456939313879,0.03566736312647767,0.04453262532316837
SPX,2026-04-02,lev_net,2.8757080955067016,1,0.0044267825126402816,0.03040096358309552,0.03557819028347975
KOSPI200,2026-04-01,asset_mgr_net,2.724038901104726,1,-0.048179003243880913,-0.0024574855008355767,0.08474638749631369
NDX,2026-04-01,lev_net,-1.70081056249037,-1,0.0010632420017995248,0.007592796852556427,0.044217320615519196
SPX,2026-04-01,lev_net,3.1603269748066882,1,0.0011208758485563575,0.006316084167424352,0.0379206394056848
KOSPI200,2026-03-31,basis_bp,1.7317848377983824,1,0.09303356299609167,0.07218931732409306,0.10278415729884349
KOSPI200,2026-03-31,lev_net,-1.60201270771112,-1,0.09303356299609167,0.07218931732409306,0.10278415729884349
NDX,2026-03-31,lev_net,-1.7623983597494852,-1,0.011785954017025313,0.01903862096982989,0.04898783436612009
SPX,2026-03-31,lev_net,3.497082784164298,1,0.007168516684867399,0.012760940970466983,0.03895064092654166
NDX,2026-03-30,asset_mgr_net,-2.2338981181358446,-1,0.03427854914142814,0.04758115783426842,0.05441413136051665
NDX,2026-03-30,lev_net,-2.0883824114743437,-1,0.03427854914142814,0.04758115783426842,0.05441413136051665
NDX,2026-03-30,oi_chg_w,-2.6559152230660223,-1,0.03427854914142814,0.04758115783426842,0.05441413136051665
SPX,2026-03-30,oi_chg_w,-2.685534371188243,-1,0.02913114047102594,0.037670281549197604,0.04305515904900714
NDX,2026-03-27,asset_mgr_net,-2.371989278501759,-1,-0.007754742536671411,0.038353414705768696,0.04579652208067264
NDX,2026-03-27,lev_net,-2.1924541901242485,-1,-0.007754742536671411,0.038353414705768696,0.04579652208067264
NDX,2026-03-27,oi_chg_w,-2.8832970452966573,-1,-0.007754742536671411,0.038353414705768696,0.04579652208067264
SPX,2026-03-27,lev_net,1.5089204616406757,1,-0.003945748828622642,0.03241868208493104,0.03815131094986324
SPX,2026-03-27,oi_chg_w,-2.9202896259383846,-1,-0.003945748828622642,0.03241868208493104,0.03815131094986324
NDX,2026-03-26,asset_mgr_net,-2.533090712644245,-1,-0.019257255741897628,0.006495072801901314,0.01944033799750078
NDX,2026-03-26,lev_net,-2.309745573647333,-1,-0.019257255741897628,0.006495072801901314,0.01944033799750078
NDX,2026-03-26,oi_chg_w,-3.1688339937860404,-1,-0.019257255741897628,0.006495072801901314,0.01944033799750078
SPX,2026-03-26,lev_net,1.5342858566459436,1,-0.01672184352107431,0.007929379858191643,0.016292600863732076
SPX,2026-03-26,oi_chg_w,-3.216807247149751,-1,-0.01672184352107431,0.007929379858191643,0.016292600863732076
KOSPI200,2026-03-25,asset_mgr_net,1.6790146989694419,1,-0.03554310242041259,-0.06960772624299505,-0.029641111243591256
NDX,2026-03-25,asset_mgr_net,-2.7344442583478106,-1,-0.02383771468589846,-0.05006003340272436,-0.005917739931128541
NDX,2026-03-25,lev_net,-2.466982394810133,-1,-0.02383771468589846,-0.05006003340272436,-0.005917739931128541
NDX,2026-03-25,oi_chg_w,-2.6975340400413024,-1,-0.02383771468589846,-0.05006003340272436,-0.005917739931128541
SPX,2026-03-25,lev_net,1.5647117513987034,1,-0.017406172392416708,-0.037649189334892585,-0.0025152199473030823
SPX,2026-03-25,oi_chg_w,-3.0732855172337015,-1,-0.017406172392416708,-0.037649189334892585,-0.0025152199473030823
NDX,2026-03-24,asset_mgr_net,-2.9820744974888775,-1,0.006688119555507521,-0.03623295604436205,-0.010926375189250659
NDX,2026-03-24,lev_net,-2.653323074826321,-1,0.006688119555507521,-0.03623295604436205,-0.010926375189250659
NDX,2026-03-24,oi_chg_w,-2.3779920047814818,-1,0.006688119555507521,-0.03623295604436205,-0.010926375189250659
SPX,2026-03-24,basis_bp,1.537617743532257,1,0.005419124381509377,-0.028601194895887083,-0.004247792171348186
SPX,2026-03-24,lev_net,1.5964031633937843,1,0.005419124381509377,-0.028601194895887083,-0.004247792171348186
SPX,2026-03-24,oi_chg_w,-2.946025221506043,-1,0.005419124381509377,-0.028601194895887083,-0.004247792171348186
KOSPI200,2026-03-23,asset_mgr_net,-3.116258982674575,-1,0.02830305891707874,0.005007081976989847,-0.030489774619188337
KOSPI200,2026-03-23,lev_net,-1.728453212257194,-1,0.02830305891707874,0.005007081976989847,-0.030489774619188337
NDX,2026-03-23,asset_mgr_net,-1.89191406981979,-1,-0.007695389694165944,-0.024871214620659,-0.05106577077680119
NDX,2026-03-23,basis_bp,1.579067247783023,1,-0.007695389694165944,-0.024871214620659,-0.05106577077680119
NDX,2026-03-23,lev_net,-1.7391561626742529,-1,-0.007695389694165944,-0.024871214620659,-0.05106577077680119
NDX,2026-03-23,oi_chg_w,1.5155718602688206,1,-0.007695389694165944,-0.024871214620659,-0.05106577077680119
SPX,2026-03-23,basis_bp,1.7772240928288063,1,-0.0037425745042546366,-0.015778733285215063,-0.03605527809698372
SPX,2026-03-23,lev_net,1.7153667173840175,1,-0.0037425745042546366,-0.015778733285215063,-0.03605527809698372
SPX,2026-03-23,oi_chg_w,2.0177288448448176,1,-0.0037425745042546366,-0.015778733285215063,-0.03605527809698372
NDX,2026-03-20,asset_mgr_net,-1.9900346082245852,-1,0.01215321890513077,0.011081614007621754,-0.03202678227664224
NDX,2026-03-20,basis_bp,4.034943187910662,1,0.01215321890513077,0.011081614007621754,-0.03202678227664224
NDX,2026-03-20,lev_net,-1.8211687576719617,-1,0.01215321890513077,0.011081614007621754,-0.03202678227664224
SPX,2026-03-20,basis_bp,3.914330059241927,1,0.011453200463990454,0.013128438438512857,-0.02115274053338201
SPX,2026-03-20,lev_net,1.7570419505958335,1,0.011453200463990454,0.013128438438512857,-0.02115274053338201
SPX,2026-03-20,oi_chg_w,1.9867600020316174,1,0.011453200463990454,0.013128438438512857,-0.02115274053338201
NDX,2026-03-19,asset_mgr_net,-2.0967314775303487,-1,-0.018769191709029354,-0.01448680073934816,-0.03154507296488196
NDX,2026-03-19,lev_net,-1.8865791825165559,-1,-0.018769191709029354,-0.01448680073934816,-0.03154507296488196
SPX,2026-03-19,lev_net,1.8198657969740974,1,-0.015138182356779217,-0.0075864968250031195,-0.019576215741918035
SPX,2026-03-19,oi_chg_w,1.9909368585724974,1,-0.015138182356779217,-0.0075864968250031195,-0.019576215741918035
KOSPI200,2026-03-18,asset_mgr_net,2.509544560644215,1,-0.02948557795108997,-0.09420754695747102,-0.0561238844435441
NDX,2026-03-18,asset_mgr_net,-2.2176004297011427,-1,-0.0028581490312455937,-0.009682666533180284,-0.010731152952834222
NDX,2026-03-18,lev_net,-1.9596862032625557,-1,-0.0028581490312455937,-0.009682666533180284,-0.010731152952834222
SPX,2026-03-18,lev_net,1.887811778641737,1,-0.002748797741878972,-0.0065965544136504795,-0.0049512116777690185
SPX,2026-03-18,oi_chg_w,1.9951348490471865,1,-0.002748797741878972,-0.0065965544136504795,-0.0049512116777690185
KOSPI200,2026-03-17,oi_chg_w,3.646637601405946,1,0.05670182782528044,0.02569896181426823,-0.015757114485842383
NDX,2026-03-17,asset_mgr_net,-2.3563455207467503,-1,-0.014339146763664434,-0.035603493969493805,-0.03139457303700666
NDX,2026-03-17,lev_net,-2.0416283976087426,-1,-0.014339146763664434,-0.035603493969493805,-0.03139457303700666
SPX,2026-03-17,asset_mgr_net,-1.520801663495886,-1,-0.013607567880073446,-0.03121010411680436,-0.02378165424799006
SPX,2026-03-17,lev_net,1.9616823407530464,1,-0.013607567880073446,-0.03121010411680436,-0.02378165424799006
SPX,2026-03-17,oi_chg_w,1.9993541613042054,1,-0.013607567880073446,-0.03121010411680436,-0.02378165424799006
NDX,2026-03-16,asset_mgr_net,-1.820254278973976,-1,0.005073143542846159,-0.012170205268984158,-0.018930990323312025
SPX,2026-03-16,lev_net,1.7877648330369493,1,0.0024942548757938,-0.013865409942763751,-0.017670274694559063
KOSPI200,2026-03-13,basis_bp,-1.7348173570011691,-1,0.01709864317960963,0.09304614173422077,0.06097695988584517
NDX,2026-03-13,asset_mgr_net,-1.9089243627003645,-1,0.011263377664257446,0.0018194440505734377,-0.01979350367469701
SPX,2026-03-13,lev_net,1.8476565144617494,1,0.010130883162251969,-0.001129302109849073,-0.018954517594959808
NDX,2026-03-12,asset_mgr_net,-2.0080263275110597,-1,-0.006230220330186831,0.01006130548268791,-0.007267621793566881
SPX,2026-03-12,lev_net,1.9388088776076042,1,-0.006059115470564369,0.00651464129518331,-0.009910632053241164
KOSPI200,2026-03-11,basis_bp,2.1472415958844318,1,-0.00784125651939327,-0.008656555362388296,0.06536778370601293
NDX,2026-03-11,asset_mgr_net,-2.1193804160451077,-1,-0.01728137467400659,-0.01240415785061666,-0.021627066319774957
SPX,2026-03-11,lev_net,2.040464135218713,1,-0.015227676506708532,-0.011278361828537586,-0.022299892814198752
KOSPI200,2026-03-10,oi_chg_w,-3.6139301173179033,-1,0.013401861437146056,-0.012259726373599733,0.021712716580398972
NDX,2026-03-10,asset_mgr_net,-2.245992953188362,-1,0.00034215825633276964,-0.023069777823308435,-0.007054314023174579
SPX,2026-03-10,lev_net,2.155012952719488,1,-0.0008376012017449197,-0.02201437436849596,-0.009642458122279929
KOSPI200,2026-03-09,asset_mgr_net,-1.5745941359508275,-1,0.06153667565231968,0.06732790754665885,0.0664508390192311
KOSPI200,2026-03-09,basis_bp,-2.097724768557832,-1,0.06153667565231968,0.06732790754665885,0.0664508390192311
KOSPI200,2026-03-09,lev_net,-1.6018891289779975,-1,0.06153667565231968,0.06732790754665885,0.0664508390192311
NDX,2026-03-09,asset_mgr_net,-1.7718642808920348,-1,-0.00043173745106084294,-0.017369550986792714,-0.01249277178103314
SPX,2026-03-09,asset_mgr_net,1.5259068129396636,1,-0.0021351198877325173,-0.018153368814963544,-0.014215787284954096
NDX,2026-03-06,asset_mgr_net,-1.8568458947590767,-1,0.013157091741084814,0.013066184278541115,-0.010643543992950644
SPX,2026-03-06,asset_mgr_net,1.577989735053482,1,0.008304161513105202,0.005308557697539129,-0.015998480392124925
KOSPI200,2026-03-05,asset_mgr_net,-1.8484500591087871,-1,-0.002875291739852237,-0.00986501768484882,-0.004463318976925534
KOSPI200,2026-03-05,basis_bp,-5.305519287713803,-1,-0.002875291739852237,-0.00986501768484882,-0.004463318976925534
NDX,2026-03-05,asset_mgr_net,-1.9468343386122373,-1,-0.015083310890718127,-0.002555491805518173,-0.019457318048936578
SPX,2026-03-05,asset_mgr_net,1.643939651166399,1,-0.013276795812569242,-0.007207154270973182,-0.02314398424966979
KOSPI200,2026-03-04,basis_bp,2.5884150307793656,1,0.09834960821363925,0.024471782132427622,0.10208908680082973
NDX,2026-03-04,asset_mgr_net,-2.0470189874442255,-1,-0.002919840061818335,-0.005038308015184345,-0.0051275828605995555
SPX,2026-03-04,asset_mgr_net,1.7154864182464347,1,-0.005646704863891072,-0.010700890257660634,-0.01364003134325642
KOSPI200,2026-03-03,lev_net,-2.8892451552014005,-1,-0.11939725389806843,-0.035571328834070215,-0.04233185943681639
NDX,2026-03-03,asset_mgr_net,-2.1596830853344655,-1,0.015113203848623469,-0.003117325940347193,0.009562696571083773
SPX,2026-03-03,asset_mgr_net,1.7935935475595244,1,0.007756049264286302,-0.011238671396024413,-0.0051564927167861985
NDX,2026-03-02,asset_mgr_net,-1.8911734901215256,-1,-0.010904009007041249,0.0011127512667616912,-0.0010142846190954735
SPX,2026-03-02,asset_mgr_net,2.149992170807476,1,-0.009444031095625416,-0.007397989918514591,-0.012443273728323212
KOSPI200,2026-02-27,basis_bp,2.0235949308080268,1,-0.07922086270812356,-0.10941350418925577,-0.16931664773823052
KOSPI200,2026-02-27,lev_net,-4.35234303238841,-1,-0.07922086270812356,-0.10941350418925577,-0.16931664773823052
NDX,2026-02-27,asset_mgr_net,-1.982307245704232,-1,0.00130450704798446,0.005354183327412443,-0.012701083137577673
SPX,2026-02-27,asset_mgr_net,2.2813602730300495,1,0.0003983547353176853,-0.001363577060843335,-0.02018640616595213
SPX,2026-02-27,lev_net,-1.5377392933020415,-1,0.0003983547353176853,-0.001363577060843335,-0.02018640616595213
KOSPI200,2026-02-26,lev_net,-1.5099056138867453,-1,-0.011313319633058594,-0.19833266244359227,-0.12202071990000207
NDX,2026-02-26,asset_mgr_net,-2.085194113932386,-1,-0.002969121279128961,-0.012554303275411183,-0.000557592815564445
SPX,2026-02-26,asset_mgr_net,2.4168678097144545,1,-0.00433935281103115,-0.01334952253973598,-0.01131154834375725
SPX,2026-02-26,lev_net,-1.5947075162624123,-1,-0.00433935281103115,-0.01334952253973598,-0.01131154834375725
KOSPI200,2026-02-25,basis_bp,1.6604964196294725,1,0.0444663266322205,-0.049157474303796134,-0.08033590387572886
NDX,2026-02-25,asset_mgr_net,-2.2011897771308937,-1,-0.011633679475478553,-0.013282756297814058,-0.009292076751085787
SPX,2026-02-25,asset_mgr_net,2.5750950312713767,1,-0.005365580569328343,-0.009287152229131679,-0.011032025617907504
SPX,2026-02-25,lev_net,-1.6563859156085967,-1,-0.005365580569328343,-0.009287152229131679,-0.011032025617907504
KOSPI200,2026-02-24,asset_mgr_net,2.11202558655214,1,0.019111942991160147,0.05238589211618261,-0.14668275302182943
NDX,2026-02-24,asset_mgr_net,-2.333585942625464,-1,0.01409294348778456,-0.000680625111625921,-0.01028780808373686
SPX,2026-02-24,asset_mgr_net,2.7633447066839136,1,0.008136355657339944,-0.0016240679255408175,-0.010658809457649743
SPX,2026-02-24,lev_net,-1.7234536496831585,-1,0.008136355657339944,-0.0016240679255408175,-0.010658809457649743
SPX,2026-02-23,asset_mgr_net,1.5445291622677622,1,0.0076516140863223114,0.010399599763262879,0.006415870306387239
SPX,2026-02-20,asset_mgr_net,1.60696509723825,1,-0.010385652247284827,0.005299958814688477,-0.0044330037660391675
SPX,2026-02-19,asset_mgr_net,1.6745210842271394,1,0.006939724763506794,0.004106694648054354,0.006845012908492931
SPX,2026-02-19,lev_net,-1.5096984465938907,-1,0.006939724763506794,0.004106694648054354,0.006845012908492931
SPX,2026-02-18,asset_mgr_net,1.7480336328246235,1,-0.0028221256867719813,-0.0063301984975011605,0.009419692422927506
SPX,2026-02-18,lev_net,-1.5533755141319532,-1,-0.0028221256867719813,-0.0063301984975011605,0.009419692422927506
SPX,2026-02-17,asset_mgr_net,1.828545482785493,1,0.005566070147410729,0.009686894283696956,0.0068461349926132176
SPX,2026-02-17,lev_net,-1.6014099644540418,-1,0.005566070147410729,0.009686894283696956,0.0068461349926132176
NDX,2026-02-13,asset_mgr_net,-1.8933183392927637,-1,-0.0012586907626044308,0.0026123025551763046,-0.0009619243477811956
KOSPI200,2026-02-12,lev_net,2.4357825916100775,1,-0.0020703680109765976,0.05305777429313485,0.08648992992600579
NDX,2026-02-12,asset_mgr_net,-1.9298032006472494,-1,0.0018276817760933817,0.008557319682760856,0.013164894206164846
KOSPI200,2026-02-11,basis_bp,-2.347012694453675,-1,0.03490332805071317,0.06528050713153721,0.09729318541996834
NDX,2026-02-11,asset_mgr_net,-1.967966479339013,-1,-0.020381933101837557,-0.019826792822934425,-0.016027767089086375
NDX,2026-02-10,asset_mgr_net,-2.0079493031228433,-1,0.002929807128479567,-0.015716165403014237,-0.009104375846070933
KOSPI200,2026-02-09,asset_mgr_net,2.7145126204188603,1,-0.00023049145901099521,0.04525315645248029,0.075934130663047
NDX,2026-02-09,asset_mgr_net,-1.9929956610030561,-1,-0.005560361646119394,-0.022974830582731087,-0.02242115967426872
KOSPI200,2026-02-06,lev_net,-2.467439335586189,-1,0.043897874615693055,0.054337655393663864,0.08887849218018973
NDX,2026-02-06,asset_mgr_net,-2.0310719166394278,-1,0.007671592830292395,0.005004442006001586,-0.013680101106069653
KOSPI200,2026-02-05,asset_mgr_net,-2.4645285983445318,-1,-0.011691657308937176,0.031455181980315716,0.07838034216262613
KOSPI200,2026-02-05,lev_net,-4.078052721535236,-1,-0.011691657308937176,0.031455181980315716,0.07838034216262613
NDX,2026-02-05,asset_mgr_net,-2.070928401852235,-1,0.02147080312093408,0.02358379142725675,0.00565895471284783
KOSPI200,2026-02-04,asset_mgr_net,1.9116521085245313,1,-0.04229611073154682,-0.01194362205521382,-0.0020622991472456498
NDX,2026-02-04,asset_mgr_net,-2.1922731804443436,-1,-0.01376190089463425,0.01514188875588851,0.012454965213901215
KOSPI200,2026-02-03,asset_mgr_net,2.483105019224341,1,0.013905636657516096,-0.04033147753803523,0.0015650255278754077
KOSPI200,2026-02-03,basis_bp,-2.4578110027633726,-1,0.013905636657516096,-0.04033147753803523,0.0015650255278754077
NDX,2026-02-03,asset_mgr_net,-2.3315118295401533,-1,-0.01765600973624981,-0.010373478046148854,-0.008326362003158283
KOSPI200,2026-02-02,asset_mgr_net,-2.95850622752204,-1,0.07454580542000921,0.043406941802442534,0.0764756154715629
KOSPI200,2026-02-02,basis_bp,-3.06038301655095,-1,0.07454580542000921,0.043406941802442534,0.0764756154715629
KOSPI200,2026-02-02,lev_net,-2.361640879083754,-1,0.07454580542000921,0.043406941802442534,0.0764756154715629
KOSPI200,2026-01-30,basis_bp,1.912525223963071,1,-0.05589463958043228,0.028591507138116423,-0.026431202092632722
KOSPI200,2026-01-30,lev_net,-1.8618198658370133,-1,-0.05589463958043228,0.028591507138116423,-0.026431202092632722
KOSPI200,2026-01-28,asset_mgr_net,-2.137652064470802,-1,0.009054723745255178,-0.04383698861239982,0.0417281737663433
KOSPI200,2026-01-27,basis_bp,-1.5859090453918936,-1,0.018238428193738,0.031242870371612996,0.04617986123226814
KOSPI200,2026-01-26,asset_mgr_net,-2.3077211699116256,-1,0.034845286372979345,0.0632603744236433,0.00752735959113382
KOSPI200,2026-01-20,basis_bp,-1.6126914971205508,-1,0.00911811201445345,0.026549796747967314,0.051730465221318855
NDX,2026-01-20,lev_net,-1.5300106426393902,-1,0.01356713603544768,0.024728310231743267,0.03810574257388599
NDX,2026-01-16,asset_mgr_net,1.912769233866403,1,-0.021218376799721494,-0.00042735889525047366,0.00720550355019256
KOSPI200,2026-01-15,asset_mgr_net,1.54430231305035,1,0.011846809977168027,0.017360961530177077,0.03720616321314196
NDX,2026-01-15,asset_mgr_net,1.9652528446344821,1,-0.0006971659238079742,-0.008630744413269054,0.0022859916973112515
NDX,2026-01-14,asset_mgr_net,1.9902868476557982,1,0.003185857703162265,-0.018784664964178188,0.002058049197300127
NDX,2026-01-13,asset_mgr_net,2.0160922639381247,1,-0.010722178156732598,-0.008262367830718875,-0.016135885324583432
KOSPI200,2026-01-08,asset_mgr_net,-2.2453434947358426,-1,0.006127856906260387,0.024887831611912548,0.04849588966846352
KOSPI200,2026-01-07,asset_mgr_net,-1.6638649308614692,-1,-0.00045148085721180564,0.01261136527811213,0.03202504213821333
KOSPI200,2026-01-05,lev_net,2.0339736746732564,1,0.016508924993063445,0.023799981502604872,0.037179763849924496
NDX,2026-01-05,lev_net,-1.8777962391013032,-1,0.009384969838858614,0.004164322782188146,0.015209439469958674
NDX,2026-01-02,lev_net,-1.957607142961089,-1,0.007742167541909595,0.017762733098194428,0.02222034706129361
NDX,2025-12-31,lev_net,-2.0454886993210026,-1,-0.0017298989172506163,0.015440144561504665,0.010188179493333838
NDX,2025-12-30,lev_net,-2.157028690279349,-1,-0.008353870660745666,-0.0024051090330157177,0.007514556259876404
SPX,2025-12-30,lev_net,1.5266604006399105,1,-0.007357666300846111,0.0008424257443269134,0.0035802032074203627
NDX,2025-12-29,oi_chg_w,-3.3338693554685954,-1,-0.0024681142607743123,-0.012512580259049444,0.0044720032853098335
SPX,2025-12-29,oi_chg_w,-3.1820496346025786,-1,-0.0013756671519022934,-0.006845032961991793,0.0056590008481960385
KOSPI200,2025-12-26,lev_net,1.7597332891243402,1,0.026454040130151846,0.05777182754880683,0.11756033080260297
NDX,2025-12-26,oi_chg_w,-3.770958950690537,-1,-0.004633764937629459,-0.015385080557943631,-0.009478498282701975
SPX,2025-12-26,lev_net,1.517290787914623,1,-0.00349205148036813,-0.012184801328756545,-0.004024585631991817
SPX,2025-12-26,oi_chg_w,-3.5585134631480018,-1,-0.00349205148036813,-0.012184801328756545,-0.004024585631991817
NDX,2025-12-24,oi_chg_w,-4.412625143108787,-1,-0.0004583604884580428,-0.007545553046833575,-0.01753889269819786
SPX,2025-12-24,lev_net,1.579739091200681,1,-0.00030436354912266594,-0.005165798186892001,-0.010614405827551132
SPX,2025-12-24,oi_chg_w,-4.087172771166883,-1,-0.00030436354912266594,-0.005165798186892001,-0.010614405827551132
NDX,2025-12-23,oi_chg_w,-5.501414235723038,-1,0.002670031506829762,-0.002433560448849237,-0.013208641284472966
SPX,2025-12-23,lev_net,1.647176411440717,1,0.0032214822012188726,-0.0005860966345728746,-0.00930419574242558
SPX,2025-12-23,oi_chg_w,-4.914528430630464,-1,0.0032214822012188726,-0.0005860966345728746,-0.00930419574242558
KOSPI200,2025-12-22,asset_mgr_net,2.1898161836935217,1,0.003277675767508148,0.012613045492766872,0.03989840921181331
NDX,2025-12-22,oi_chg_w,2.4411038453591454,1,0.00495374869883447,0.007175145880109479,3.382838347110173e-05
SPX,2025-12-22,asset_mgr_net,1.8516953379810324,1,0.004550388765703239,0.007479796478321976,0.002580508134080839
SPX,2025-12-22,oi_chg_w,2.5509549704055483,1,0.004550388765703239,0.007479796478321976,0.002580508134080839
KOSPI200,2025-12-19,basis_bp,2.0601984446138726,1,0.02521111893033079,0.027814919071076805,0.06560520760028155
NDX,2025-12-19,basis_bp,-4.105215467373646,-1,0.004557670334317532,0.012229484164742566,0.00707723458077858
NDX,2025-12-19,oi_chg_w,2.3060828963000057,1,0.004557670334317532,0.012229484164742566,0.00707723458077858
SPX,2025-12-19,asset_mgr_net,1.945606078956913,1,0.006436496360377575,0.014273144295486206,0.010423620509912856
SPX,2025-12-19,basis_bp,-3.6451992866976743,-1,0.006436496360377575,0.014273144295486206,0.010423620509912856
SPX,2025-12-19,oi_chg_w,2.4102304617867016,1,0.006436496360377575,0.014273144295486206,0.010423620509912856
NDX,2025-12-18,basis_bp,-1.6151846472041806,-1,0.013062301652696062,0.022720834178707072,0.024981504564002943
NDX,2025-12-18,oi_chg_w,2.2338797598681466,1,0.013062301652696062,0.022720834178707072,0.024981504564002943
SPX,2025-12-18,asset_mgr_net,2.050537701510967,1,0.008818059450332205,0.01993137441162718,0.022905635203277708
SPX,2025-12-18,basis_bp,-1.540692888163331,-1,0.008818059450332205,0.01993137441162718,0.022905635203277708
SPX,2025-12-18,oi_chg_w,2.335598539485045,1,0.008818059450332205,0.01993137441162718,0.022905635203277708
KOSPI200,2025-12-17,oi_chg_w,2.21781674327524,1,-0.012172121127449365,0.017655687890747895,0.020240298976633708
NDX,2025-12-17,oi_chg_w,2.200160421595555,1,0.015082994864486832,0.03302916040919279,0.04091841120494055
SPX,2025-12-17,asset_mgr_net,2.1690735314287943,1,0.007934262269941872,0.023367059462980233,0.03133553773498354
SPX,2025-12-17,oi_chg_w,2.301652279685084,1,0.007934262269941872,0.023367059462980233,0.03133553773498354
KOSPI200,2025-12-16,basis_bp,1.54283587027021,1,0.019767773187063797,0.012252457615044898,0.041173956404046086
KOSPI200,2025-12-16,oi_chg_w,3.840444876029146,1,0.019767773187063797,0.012252457615044898,0.041173956404046086
NDX,2025-12-16,basis_bp,-1.746102010243444,-1,-0.019310517937234595,0.008484492423685985,0.018099380132133414
NDX,2025-12-16,oi_chg_w,2.1929875803477645,1,-0.019310517937234595,0.008484492423685985,0.018099380132133414
SPX,2025-12-16,asset_mgr_net,2.3047317705962596,1,-0.011592143912241393,0.005035136238189519,0.016106777860335653
SPX,2025-12-16,basis_bp,-1.8001153210956062,-1,-0.011592143912241393,0.005035136238189519,0.016106777860335653
SPX,2025-12-16,oi_chg_w,2.295979151320856,1,-0.011592143912241393,0.005035136238189519,0.016106777860335653
NDX,2025-12-15,basis_bp,-1.518294406065488,-1,0.0026197477069902497,-0.001910873881388886,0.01573484846477946
NDX,2025-12-15,lev_net,-1.5447713680595028,-1,0.0026197477069902497,-0.001910873881388886,0.01573484846477946
SPX,2025-12-15,asset_mgr_net,1.995816794640954,1,-0.0023839179519623555,-0.006124835353503277,0.009092698592256365
SPX,2025-12-15,basis_bp,-1.506278412737331,-1,-0.0023839179519623555,-0.006124835353503277,0.009092698592256365
KOSPI200,2025-12-12,asset_mgr_net,2.059504644762551,1,-0.022859864269555774,-0.026040515027299094,-0.033218240266698396
NDX,2025-12-12,basis_bp,-1.5644536394947788,-1,-0.0051380054114783524,-0.021793347134107077,0.0059312940992624075
NDX,2025-12-12,lev_net,-1.5327353669715393,-1,-0.0051380054114783524,-0.021793347134107077,0.0059312940992624075
SPX,2025-12-12,asset_mgr_net,2.0968305156498404,1,-0.0015965630269072495,-0.015522720628074915,0.0010384382346664278
SPX,2025-12-12,basis_bp,-1.6496099718717183,-1,-0.0015965630269072495,-0.015522720628074915,0.0010384382346664278
KOSPI200,2025-12-11,asset_mgr_net,-1.5562533919963581,-1,0.013392857142857206,-0.032129067843353565,-0.025010341974627703
NDX,2025-12-11,lev_net,-1.520898429301648,-1,-0.01907443095261907,-0.02155785785515585,-0.02597922607807346
SPX,2025-12-11,asset_mgr_net,2.2110014882081295,1,-0.010663649289958,-0.014597918327054038,-0.018293034976815004
KOSPI200,2025-12-10,oi_chg_w,-2.72879314561904,-1,-0.009154256045907916,-0.018837956004918666,-0.022031698319442516
NDX,2025-12-10,lev_net,-1.509254707168308,-1,-0.0034818618049716754,-0.027512330520459982,-0.04379309563595091
SPX,2025-12-10,asset_mgr_net,2.341579808460521,1,0.002079350841514227,-0.010189294168621577,-0.023995596685489118
SPX,2025-12-10,basis_bp,-1.5285912616757895,-1,0.002079350841514227,-0.010189294168621577,-0.023995596685489118
KOSPI200,2025-12-09,basis_bp,-1.730658466243299,-1,-0.00040972411909312445,0.0037045889101336993,-0.04138213602840757
KOSPI200,2025-12-09,oi_chg_w,-4.42750042910472,-1,-0.00040972411909312445,0.0037045889101336993,-0.04138213602840757
SPX,2025-12-09,asset_mgr_net,2.4930938434387913,1,0.00674955693920154,-0.0019150048496134886,-0.005884064401496025
KOSPI200,2025-12-08,basis_bp,-1.581741637738167,-1,-0.0057878031807457875,-0.015292699899859152,-0.02491640782796134
KOSPI200,2025-12-08,oi_chg_w,-1.5558502070327351,-1,-0.0057878031807457875,-0.015292699899859152,-0.02491640782796134
KOSPI200,2025-12-05,asset_mgr_net,1.6208350285783846,1,0.014393691568671318,0.00810936450818689,0.01225874210154787
KOSPI200,2025-12-05,basis_bp,-1.5655048320421718,-1,0.014393691568671318,0.00810936450818689,0.01225874210154787
SPX,2025-12-05,asset_mgr_net,1.519423834427273,1,-0.003477255626794018,0.0023696253011336044,-0.006257240729041769
SPX,2025-12-04,asset_mgr_net,1.5705650705990803,1,0.001936641757662061,-0.002422350969303544,0.006399170798031317
SPX,2025-12-03,asset_mgr_net,1.6260956063553325,1,0.0010803218396737702,-0.0004686978618181348,0.00539583512585029
SPX,2025-12-02,asset_mgr_net,1.6865363598530574,1,0.0029797912994984355,0.006007843249407507,0.001631138486617445
KOSPI200,2025-12-01,basis_bp,-1.6358404767834327,-1,0.021228969600693093,0.028503863094808235,0.0635605458877897
KOSPI200,2025-11-28,lev_net,-1.933521439627549,-1,-7.220216606496077e-05,0.030306859205776027,0.048393501805054084
KOSPI200,2025-11-26,asset_mgr_net,1.8908820062728824,1,0.007133024652734354,-0.009671594829897878,0.0204158249459212
KOSPI200,2025-11-24,asset_mgr_net,2.067355114082591,1,0.007044988073445557,0.04169671418797738,0.02431537878367651
SPX,2025-11-24,lev_net,2.1229782178008088,1,0.009061696817220577,0.021471610358397175,0.018530615086447932
KOSPI200,2025-11-21,lev_net,-2.8039164726832984,-1,0.0008327781479011698,0.035180250203568075,0.025242430971944563
SPX,2025-11-21,lev_net,2.2431079689514233,1,0.015467217001293498,0.0317461667313963,0.03174919862006176
SPX,2025-11-20,lev_net,2.3807294235125345,1,0.009823035415319481,0.034734433643134555,0.04746008253070255
SPX,2025-11-19,lev_net,2.54087600990293,1,-0.015567283563270418,0.009478838127421119,0.025661788186613244
SPX,2025-11-18,lev_net,2.730882663139471,1,0.0037538357962292324,-0.002165467322782999,0.022450185655230825
KOSPI200,2025-11-17,basis_bp,-2.201091124649599,-1,-0.035029914159368625,-0.021590219370501873,-0.062152085320385075
NDX,2025-11-17,asset_mgr_net,-1.7931265184077898,-1,-0.01196859963399266,-0.030062156041172905,0.002981045411956762
NDX,2025-11-17,lev_net,1.65464761022866,1,-0.01196859963399266,-0.030062156041172905,0.002981045411956762
KOSPI200,2025-11-14,asset_mgr_net,-1.935708773665721,-1,0.023463429352359677,-0.019115063095681784,-0.04094563654757455
KOSPI200,2025-11-14,lev_net,-2.59757475218388,-1,0.023463429352359677,-0.019115063095681784,-0.04094563654757455
NDX,2025-11-14,asset_mgr_net,-1.8760918958916906,-1,-0.00833006683187787,-0.01470398155482966,-0.03073666578180212
NDX,2025-11-14,lev_net,1.728087369236014,1,-0.00833006683187787,-0.01470398155482966,-0.03073666578180212
KOSPI200,2025-11-13,asset_mgr_net,-1.6660190056170057,-1,-0.04284379512443737,-0.0547014354879809,-0.04153571731928973
NDX,2025-11-13,asset_mgr_net,-1.9679845255478163,-1,0.00059132654384908,-0.01961958487266824,-0.03757303082087404
NDX,2025-11-13,lev_net,1.8084184733570812,1,0.00059132654384908,-0.01961958487266824,-0.03757303082087404
KOSPI200,2025-11-12,asset_mgr_net,1.6060528111354997,1,0.0032723740050788486,-0.017179963526664843,-0.05806759497554248
NDX,2025-11-12,asset_mgr_net,-2.070667233967972,-1,-0.02052993549956439,-0.028114624612118333,-0.03436137496323155
NDX,2025-11-12,lev_net,1.8969439105248544,1,-0.02052993549956439,-0.028114624612118333,-0.03436137496323155
NDX,2025-11-11,asset_mgr_net,-2.1866052259698843,-1,-0.0006329004026345286,-0.020571022417173124,-0.04035447624049515
NDX,2025-11-11,lev_net,1.99533788120082,1,-0.0006329004026345286,-0.020571022417173124,-0.04035447624049515
KOSPI200,2025-11-10,asset_mgr_net,2.5136625025753134,1,0.01060297926335374,0.023187498913629145,0.002329179051294039
NDX,2025-11-10,asset_mgr_net,-2.3233405314998734,-1,-0.003055239483296668,-0.02414046414718718,-0.03169719453153008
NDX,2025-11-10,lev_net,2.1065364588041757,1,-0.003055239483296668,-0.02414046414718718,-0.03169719453153008
NDX,2025-11-07,lev_net,1.5586717215706911,1,0.02202449561490516,0.01825710255846502,-0.002057889160954951
KOSPI200,2025-11-06,asset_mgr_net,1.6544575093886635,1,-0.018297617790914544,0.022924803828424656,0.035662760829022755
KOSPI200,2025-11-06,lev_net,-2.07372833320429,-1,-0.018297617790914544,0.022924803828424656,0.035662760829022755
NDX,2025-11-06,lev_net,1.6240887108926358,1,-0.002794604315987659,0.01605453819118985,-0.005434855260683102
KOSPI200,2025-11-05,lev_net,-2.6507796847317544,-1,0.005270604881499885,0.017527414220021242,0.03772550406791653
NDX,2025-11-05,lev_net,1.694987653758431,1,-0.01912528001811331,-0.0003235383692949956,-0.004008551963776474
KOSPI200,2025-11-04,lev_net,-3.08400701208708,-1,-0.028422174107296416,-0.04117262948070255,-0.0009107468123863427
NDX,2025-11-04,lev_net,1.7723079480750763,1,0.007246904303268353,-0.014777996415286765,0.003844636421589387
NDX,2025-11-03,asset_mgr_net,-1.5501402600325591,-1,-0.020684614282668767,-0.03245302258322491,-0.013906751655964
NDX,2025-11-03,lev_net,2.034306657867931,1,-0.020684614282668767,-0.03245302258322491,-0.013906751655964
KOSPI200,2025-10-31,asset_mgr_net,-2.5182890363476274,-1,0.03377282297311268,-0.02426396990301327,-0.03706899527145968
KOSPI200,2025-10-31,lev_net,1.6201374195708145,1,0.03377282297311268,-0.02426396990301327,-0.03706899527145968
NDX,2025-10-31,asset_mgr_net,-1.5561749415143995,-1,0.004439941710186579,-0.00920799588318566,-0.030873086567684616
NDX,2025-10-31,lev_net,2.149260148283521,1,0.004439941710186579,-0.00920799588318566,-0.030873086567684616
KOSPI200,2025-10-30,asset_mgr_net,-2.0143838533576686,-1,0.00738860590045376,0.011700074755306877,-0.011873924305905725
KOSPI200,2025-10-30,basis_bp,-1.996127594534035,-1,0.00738860590045376,0.011700074755306877,-0.011873924305905725
NDX,2025-10-30,asset_mgr_net,-1.56225962840256,-1,0.004791965041878843,-0.011622830002194107,-0.02350013353599134
NDX,2025-10-30,lev_net,2.280381104841272,1,0.004791965041878843,-0.011622830002194107,-0.02350013353599134
NDX,2025-10-29,asset_mgr_net,-1.5683950739053567,-1,-0.014741243470322352,-0.00562446409328754,-0.019135650471762466
NDX,2025-10-29,lev_net,2.4321974845524235,1,-0.014741243470322352,-0.00562446409328754,-0.019135650471762466
KOSPI200,2025-10-28,lev_net,-2.665194746492864,-1,0.021447337849189507,0.03565619917427765,0.04008864899644338
NDX,2025-10-28,asset_mgr_net,-1.574582047276401,-1,0.004140342768001792,-0.005921061078653089,-0.022160842653084045
NDX,2025-10-28,lev_net,2.61124233997474,1,0.004140342768001792,-0.005921061078653089,-0.022160842653084045
NDX,2025-10-27,lev_net,1.817588527805478,1,0.007381416050092682,-0.003359218627487892,0.005862880706023699
KOSPI200,2025-10-24,asset_mgr_net,3.073773885144767,1,0.02850857257140782,0.039090198360029804,0.05354448100943632
NDX,2025-10-24,lev_net,1.9068122529403326,1,0.018273826734459986,0.0300372522466803,0.019716363491843136
NDX,2025-10-23,lev_net,2.0060644184321954,1,0.010389518216287641,0.03644759473906123,0.02539705836804318
KOSPI200,2025-10-22,asset_mgr_net,1.7796810498909463,1,-0.01146353600324379,0.04257358226285035,0.053299913378425545
NDX,2025-10-22,lev_net,2.117589410560519,1,0.00877850013655923,0.03788498917377714,0.04987496911812195
KOSPI200,2025-10-21,basis_bp,1.6886020091671456,1,0.013656404124944066,0.027518308175160655,0.045266028994171315
NDX,2025-10-21,lev_net,2.2444041533182864,1,-0.009874628947436181,0.00919441611411842,0.03522167079890837
KOSPI200,2025-10-20,asset_mgr_net,1.5519754795886123,1,0.0,0.0020363174413391416,0.056811388432222554
NDX,2025-10-17,lev_net,1.5206503782915668,1,0.01301760712186173,0.0024603381341785635,0.0217669450742477
KOSPI200,2025-10-16,asset_mgr_net,1.9698097318085948,1,0.001963962246162687,0.02065020497664216,0.022728572790542412
NDX,2025-10-16,lev_net,1.582317931725974,1,0.0065177198602686115,0.019056902578453272,0.017851548579283172
KOSPI200,2025-10-15,asset_mgr_net,1.9754101213242088,1,0.027225541083145677,0.0484379590637547,0.06275585153266094
NDX,2025-10-15,lev_net,1.6489112929629952,1,-0.0035610370126216706,0.015989266926942802,0.005401028475667369
KOSPI200,2025-10-14,asset_mgr_net,-1.782548200132822,-1,0.0274909939825716,0.05753788564873519,0.07726056068747611
NDX,2025-10-14,lev_net,1.7212307433202378,1,0.00675523409064982,0.009708523393490376,0.022287457094426033
KOSPI200,2025-10-13,lev_net,-1.7114095647070953,-1,-0.009922888397393748,0.04499173092633568,0.06657102436886042
NDX,2025-10-13,lev_net,1.504059061737279,1,-0.006906180240603632,-0.003757932369370054,0.0157885084494096
SPX,2025-10-13,asset_mgr_net,2.0222575339370166,1,-0.0015643266604626893,-0.0038544656720180814,0.01208310272600066
KOSPI200,2025-10-10,asset_mgr_net,-1.7974842140979108,-1,-0.010059766850109564,0.007061561828116014,0.0365110361559855
NDX,2025-10-10,lev_net,1.5644075918620608,1,0.021819644687417927,0.021617734132987287,0.02461462217850352
SPX,2025-10-10,asset_mgr_net,2.1363234964558693,1,0.015598671787557583,0.01809234891807021,0.017016380591287072
NDX,2025-10-09,lev_net,1.6294485734793505,1,-0.03492043901341202,-0.02067318751640046,-0.017568583005428406
SPX,2025-10-09,asset_mgr_net,2.266329790874033,1,-0.02711167321141361,-0.013481562518011247,-0.015744366642126084
NDX,2025-10-08,lev_net,1.6999316412562646,1,-0.001529221289066518,-0.015370767980510291,-0.015565329746061951
SPX,2025-10-08,asset_mgr_net,2.4167154015885877,1,-0.002755570407195318,-0.01465858768955386,-0.012239203523463194
NDX,2025-10-07,lev_net,1.7767830715988824,1,0.011931800401283166,-0.02489873172284318,-0.010503532025527562
SPX,2025-10-07,asset_mgr_net,2.5938722222434234,1,0.0058276636405680815,-0.024138492729509853,-0.01046672794491943
NDX,2025-10-06,lev_net,2.6826044457106284,1,-0.0055379523517942175,0.004788872457262672,-0.0091402603623435
SPX,2025-10-06,asset_mgr_net,2.265018006327801,1,-0.0038114057910215715,-0.0007670188834572045,-0.012693771332893844
NDX,2025-10-03,lev_net,2.849904061558124,1,0.007788459522973135,0.014165513413278541,-0.022746317508663738
SPX,2025-10-03,asset_mgr_net,2.414764358094375,1,0.0036465919796933033,0.005647909711385957,-0.024312891333376663
KOSPI200,2025-10-02,basis_bp,1.744182679008951,1,0.027482215601629445,0.007052957986258823,0.0629091424981254
KOSPI200,2025-10-02,lev_net,4.749776102589423,1,0.027482215601629445,0.007052957986258823,0.0629091424981254
NDX,2025-10-02,lev_net,3.0476066611348744,1,-0.004308089395659964,-0.0021102239112731347,0.008252195570483511
SPX,2025-10-02,asset_mgr_net,2.5910735679143753,1,6.551280273581206e-05,-0.00011321135833486373,0.0029424773597279685
NDX,2025-10-01,lev_net,3.286598829413424,1,0.00370553250737915,0.007165121546317321,0.013538231097082631
SPX,2025-10-01,asset_mgr_net,2.803442057522345,1,0.0006183547238911569,0.0043329939500331704,0.006335680399006449
KOSPI200,2025-09-30,basis_bp,2.045195606062969,1,0.011265109803177076,0.06948927283083361,0.048224795898993866
NDX,2025-09-30,lev_net,3.5841709175152996,1,0.004897454961576564,0.004275905130951552,0.006492718710715328
SPX,2025-09-30,asset_mgr_net,3.0669400859171145,1,0.003399920834961989,0.004086154104923301,0.003906711405182284
KOSPI200,2025-09-29,basis_bp,2.1480604014224576,1,-0.002504103362653165,0.03827700854341143,0.056079289592188886
NDX,2025-09-29,oi_chg_w,-2.652509777693744,-1,0.002788982566557463,0.011434161909707141,0.014920390117904025
SPX,2025-09-29,asset_mgr_net,2.145373061240116,1,0.0040908483833717035,0.00812767305583173,0.011870189452431124
SPX,2025-09-29,oi_chg_w,-2.6394754751097964,-1,0.0040908483833717035,0.00812767305583173,0.011870189452431124
KOSPI200,2025-09-26,asset_mgr_net,-1.5134911409892495,-1,0.015362263102792761,0.024229216075892568,0.08319979488494345
KOSPI200,2025-09-26,basis_bp,1.5817946704667725,1,0.015362263102792761,0.024229216075892568,0.08319979488494345
KOSPI200,2025-09-26,lev_net,-1.6065580675639664,-1,0.015362263102792761,0.024229216075892568,0.08319979488494345
NDX,2025-09-26,oi_chg_w,-2.880484833759911,-1,0.00438706577593706,0.012120943050163202,0.01149492534296459
SPX,2025-09-26,asset_mgr_net,2.2421026650406843,1,0.00263554421636214,0.010160000905462985,0.010850857448513995
SPX,2025-09-26,basis_bp,1.5095958545351973,1,0.00263554421636214,0.010160000905462985,0.010850857448513995
SPX,2025-09-26,lev_net,-1.5201963392704205,-1,0.00263554421636214,0.010160000905462985,0.010850857448513995
SPX,2025-09-26,oi_chg_w,-2.8602656264422746,-1,0.00263554421636214,0.010160000905462985,0.010850857448513995
NDX,2025-09-25,basis_bp,1.6049819028595345,1,0.004366836348428826,0.011586510199838695,0.020307534217678835
NDX,2025-09-25,lev_net,-1.5413150426370212,-1,0.004366836348428826,0.011586510199838695,0.020307534217678835
NDX,2025-09-25,oi_chg_w,-3.1669340355388655,-1,0.004366836348428826,0.011586510199838695,0.020307534217678835
SPX,2025-09-25,asset_mgr_net,2.353030438346318,1,0.005901836747171263,0.012678772661035564,0.01675012403460574
SPX,2025-09-25,basis_bp,1.66943128417263,1,0.005901836747171263,0.012678772661035564,0.01675012403460574
SPX,2025-09-25,lev_net,-1.5706643959828244,-1,0.005901836747171263,0.012678772661035564,0.01675012403460574
SPX,2025-09-25,oi_chg_w,-3.135942951509479,-1,0.005901836747171263,0.012678772661035564,0.01675012403460574
NDX,2025-09-24,basis_bp,1.6414720404193996,1,-0.0043365013453078305,0.004398513992061703,0.012132479418656139
NDX,2025-09-24,lev_net,-1.605079624122393,-1,-0.0043365013453078305,0.004398513992061703,0.012132479418656139
NDX,2025-09-24,oi_chg_w,-3.543563882935283,-1,-0.0043365013453078305,0.004398513992061703,0.012132479418656139
SPX,2025-09-24,asset_mgr_net,2.481392411582511,1,-0.0050090613431266195,0.003501031993452086,0.01103198388944171
SPX,2025-09-24,basis_bp,1.6113327363545207,1,-0.0050090613431266195,0.003501031993452086,0.01103198388944171
SPX,2025-09-24,lev_net,-1.625520114652406,-1,-0.0050090613431266195,0.003501031993452086,0.01103198388944171
SPX,2025-09-24,oi_chg_w,-3.4951435208020594,-1,-0.0050090613431266195,0.003501031993452086,0.01103198388944171
NDX,2025-09-23,basis_bp,1.7905803391705948,1,-0.0031163173248379694,-0.0031049546338602907,0.004061009863530973
NDX,2025-09-23,lev_net,-1.503098279603939,-1,-0.0031163173248379694,-0.0031049546338602907,0.004061009863530973
NDX,2025-09-23,oi_chg_w,-3.716744708230651,-1,-0.0031163173248379694,-0.0031049546338602907,0.004061009863530973
SPX,2025-09-23,asset_mgr_net,2.6354339193105405,1,-0.002846617843333288,-0.001985862338385491,0.004737932772611142
SPX,2025-09-23,basis_bp,1.8380373706778779,1,-0.002846617843333288,-0.001985862338385491,0.004737932772611142
SPX,2025-09-23,lev_net,-1.6617928443566325,-1,-0.002846617843333288,-0.001985862338385491,0.004737932772611142
SPX,2025-09-23,oi_chg_w,-3.3728169202041345,-1,-0.002846617843333288,-0.001985862338385491,0.004737932772611142
NDX,2025-09-22,basis_bp,1.7052803336965137,1,-0.0073058388971851684,-0.014690793291005866,-0.006046616775261859
NDX,2025-09-22,oi_chg_w,2.2850024237206124,1,-0.0073058388971851684,-0.014690793291005866,-0.006046616775261859
SPX,2025-09-22,asset_mgr_net,1.7613813848747735,1,-0.005502159197012135,-0.01330043475723619,-0.004861257002801156
SPX,2025-09-22,basis_bp,1.8737384359316254,1,-0.005502159197012135,-0.01330043475723619,-0.004861257002801156
SPX,2025-09-22,lev_net,-2.2092305337178884,-1,-0.005502159197012135,-0.01330043475723619,-0.004861257002801156
SPX,2025-09-22,oi_chg_w,2.389471288473988,1,-0.005502159197012135,-0.01330043475723619,-0.004861257002801156
NDX,2025-09-19,basis_bp,-2.380052018528865,-1,0.005474658646769104,-0.004981663367341738,-0.004970321937972644
NDX,2025-09-19,oi_chg_w,2.3043534568621657,1,0.005474658646769104,-0.004981663367341738,-0.004970321937972644
SPX,2025-09-19,asset_mgr_net,1.8283259039636093,1,0.004410046474333074,-0.00395981744366769,-0.0031000228667991125
SPX,2025-09-19,basis_bp,-2.0006086099157154,-1,0.004410046474333074,-0.00395981744366769,-0.0031000228667991125
SPX,2025-09-19,lev_net,-2.3013243086557074,-1,0.004410046474333074,-0.00395981744366769,-0.0031000228667991125
SPX,2025-09-19,oi_chg_w,2.3414435480102718,1,0.004410046474333074,-0.00395981744366769,-0.0031000228667991125
NDX,2025-09-18,basis_bp,-1.618923228724236,-1,0.007007161783206817,0.005122872917163068,-0.0023545424515674096
NDX,2025-09-18,oi_chg_w,2.3413289312130305,1,0.007007161783206817,0.005122872917163068,-0.0023545424515674096
SPX,2025-09-18,asset_mgr_net,1.9024075496540018,1,0.004885418870829605,0.0037635873986747725,-0.0041073447750277214
SPX,2025-09-18,basis_bp,-1.5494429320922118,-1,0.004885418870829605,0.0037635873986747725,-0.0041073447750277214
SPX,2025-09-18,lev_net,-2.4080672654263275,-1,0.004885418870829605,0.0037635873986747725,-0.0041073447750277214
SPX,2025-09-18,oi_chg_w,2.3261427909270456,1,0.004885418870829605,0.0037635873986747725,-0.0041073447750277214
KOSPI200,2025-09-17,basis_bp,1.5285818996676204,1,0.01788046853251668,0.02419752028951372,0.028694404591104616
NDX,2025-09-17,basis_bp,-1.7635210384058366,-1,0.009544424366997983,0.022184104548354622,0.011554014507847654
NDX,2025-09-17,oi_chg_w,2.3945677900128626,1,0.009544424366997983,0.022184104548354622,0.011554014507847654
SPX,2025-09-17,asset_mgr_net,1.9847705952263532,1,0.004789119185128365,0.014150749727187328,0.0056997154137110595
SPX,2025-09-17,basis_bp,-1.7241085671802983,-1,0.004789119185128365,0.014150749727187328,0.0056997154137110595
SPX,2025-09-17,lev_net,-2.5325306679019133,-1,0.004789119185128365,0.014150749727187328,0.0056997154137110595
SPX,2025-09-17,oi_chg_w,2.33513689738662,1,0.004789119185128365,0.014150749727187328,0.0056997154137110595
KOSPI200,2025-09-16,lev_net,3.2598181054945865,1,-0.01239293644919115,0.0012477529872052529,0.018377921116633278
KOSPI200,2025-09-16,oi_chg_w,3.738760208243804,1,-0.01239293644919115,0.0012477529872052529,0.018377921116633278
NDX,2025-09-16,basis_bp,-1.6731533293325695,-1,-0.002082888117037607,0.01450096295457115,0.012602651858450775
NDX,2025-09-16,oi_chg_w,2.4819259967930325,1,-0.002082888117037607,0.01450096295457115,0.012602651858450775
SPX,2025-09-16,asset_mgr_net,2.0869846888105044,1,-0.0009701681605103207,0.008718358121017733,0.007592247641723393
SPX,2025-09-16,basis_bp,-1.5979380978631341,-1,-0.0009701681605103207,0.008718358121017733,0.007592247641723393
SPX,2025-09-16,lev_net,-2.7300603508597074,-1,-0.0009701681605103207,0.008718358121017733,0.007592247641723393
SPX,2025-09-16,oi_chg_w,2.426138180602809,1,-0.0009701681605103207,0.008718358121017733,0.007592247641723393
KOSPI200,2025-09-15,basis_bp,2.3988347273562236,1,0.017647691811040644,0.02300656408049062,0.029355428817389617
KOSPI200,2025-09-15,oi_chg_w,1.510036035541888,1,0.017647691811040644,0.02300656408049062,0.029355428817389617
NDX,2025-09-15,basis_bp,-1.6235243254599074,-1,-0.0008038805587368136,0.006631793520315954,0.019235007032648355
SPX,2025-09-15,asset_mgr_net,1.612386814917896,1,-0.0012879303382402618,0.002521461876590303,0.011861964632218003
SPX,2025-09-15,basis_bp,-1.5273784292274313,-1,-0.0012879303382402618,0.002521461876590303,0.011861964632218003
SPX,2025-09-15,lev_net,-1.5248065904564672,-1,-0.0012879303382402618,0.002521461876590303,0.011861964632218003
KOSPI200,2025-09-12,asset_mgr_net,1.5907033659996874,1,0.004127587846306735,0.009184423218221882,0.023123136102346953
KOSPI200,2025-09-12,basis_bp,2.3409239060630305,1,0.004127587846306735,0.009184423218221882,0.023123136102346953
KOSPI200,2025-09-12,lev_net,2.8378644994486986,1,0.004127587846306735,0.009184423218221882,0.023123136102346953
NDX,2025-09-12,basis_bp,-1.5307059360701125,-1,0.008367435601576378,0.005458200478451802,0.022167372870535385
SPX,2025-09-12,asset_mgr_net,1.6793443893400608,1,0.004706619226962694,0.002439148108371647,0.012160737717160197
SPX,2025-09-12,basis_bp,-1.6440409748185651,-1,0.004706619226962694,0.002439148108371647,0.012160737717160197
SPX,2025-09-12,lev_net,-1.5877982401875932,-1,0.004706619226962694,0.002439148108371647,0.012160737717160197
KOSPI200,2025-09-11,asset_mgr_net,2.236723295398073,1,0.019251101321585917,0.04151982378854635,0.04700440528634364
SPX,2025-09-11,asset_mgr_net,1.7522301212178784,1,-0.00048276131466740146,0.0029282182920211675,0.006753692182698501
SPX,2025-09-11,basis_bp,-1.5729909971468272,-1,-0.00048276131466740146,0.0029282182920211675,0.006753692182698501
SPX,2025-09-11,lev_net,-1.6558686998223262,-1,-0.00048276131466740146,0.0029282182920211675,0.006753692182698501
KOSPI200,2025-09-10,asset_mgr_net,2.6075394085426864,1,0.008776802577491472,0.0324408399066769,0.03764026219308958
KOSPI200,2025-09-10,lev_net,2.9876146660735285,1,0.008776802577491472,0.0324408399066769,0.03764026219308958
KOSPI200,2025-09-10,oi_chg_w,-2.7632393248280454,-1,0.008776802577491472,0.0324408399066769,0.03764026219308958
SPX,2025-09-10,asset_mgr_net,1.7833520927846798,1,0.008485890387959882,0.012743300040410688,0.010457691346845266
SPX,2025-09-10,lev_net,-1.7279339918472894,-1,0.008485890387959882,0.012743300040410688,0.010457691346845266
KOSPI200,2025-09-09,lev_net,1.526681166826436,1,0.019874002900652776,0.048631254532269796,0.07154187817258895
KOSPI200,2025-09-09,oi_chg_w,-5.867387922243114,-1,0.019874002900652776,0.048631254532269796,0.07154187817258895
SPX,2025-09-09,asset_mgr_net,1.8223015786479888,1,0.002983469943562689,0.011006367230039338,0.01445655494805198
SPX,2025-09-09,lev_net,-1.8067237541025092,-1,0.002983469943562689,0.011006367230039338,0.01445655494805198
KOSPI200,2025-09-08,oi_chg_w,-5.0902984093008685,-1,0.01478670806025062,0.044038174083017134,0.06852937794641822
KOSPI200,2025-09-05,oi_chg_w,-1.7574221911295402,-1,0.004597329390565008,0.03971260915769537,0.06902924733170068
KOSPI200,2025-09-04,basis_bp,-2.7126982024583874,-1,0.001249074759437585,0.02072538860103612,0.050148038490007485
SPX,2025-08-29,lev_net,-2.1403506726933643,-1,-0.006922279936861564,0.006473472277775283,0.005400732785452389
SPX,2025-08-28,lev_net,-2.2531110228114524,-1,-0.00639818429357164,-0.008243810045638233,-0.0031313906650358714
SPX,2025-08-27,lev_net,-2.38240034867956,-1,0.0031567194195349924,-0.010161363945069057,0.0031906958516434436
KOSPI200,2025-08-26,lev_net,-1.8188276516775759,-1,0.0020958990242425646,0.0016534314524578875,-0.0029342586339397014
SPX,2025-08-26,lev_net,-2.4876889166184077,-1,0.0023909843081744153,-0.0008784764214828655,-0.0027343550885819967
NDX,2025-08-25,asset_mgr_net,1.5958955094844403,1,0.004255158783889712,0.011860517235744217,-0.008302878993942886
NDX,2025-08-22,asset_mgr_net,1.66048224799637,1,-0.003085768915846554,0.00288237830205329,-0.0035193973719804816
NDX,2025-08-21,asset_mgr_net,1.7306809546335544,1,0.015362982921513835,0.01653700594674601,0.024235376467602654
NDX,2025-08-20,asset_mgr_net,1.8074271473318824,1,-0.004601815557747191,0.007571712514848228,0.01360366203004415
NDX,2025-08-19,asset_mgr_net,1.8881519336865584,1,-0.005781507428128774,0.004847155291546779,0.006009019291903561
NDX,2025-08-18,asset_mgr_net,1.9092571406862608,1,-0.013873389864221264,-0.024086424638912418,-0.012151189582459088
SPX,2025-08-18,asset_mgr_net,1.7430705179274426,1,-0.005858103118756786,-0.012246572286999768,-0.0015242440125988743
SPX,2025-08-18,lev_net,-1.7637053631740809,-1,-0.005858103118756786,-0.012246572286999768,-0.0015242440125988743
NDX,2025-08-15,asset_mgr_net,2.001644756514732,1,7.124865533603142e-05,-0.019504834200672505,-0.009022880290727509
SPX,2025-08-15,asset_mgr_net,1.782512793374404,1,-0.00010076318078544588,-0.008375456784253998,0.0026528500233549135
SPX,2025-08-15,lev_net,-1.84807350235315,-1,-0.00010076318078544588,-0.008375456784253998,0.0026528500233549135
NDX,2025-08-14,asset_mgr_net,2.105131016946239,1,-0.005050642879498302,-0.01878405787017745,-0.02894623424332432
SPX,2025-08-14,asset_mgr_net,1.8239913759476933,1,-0.0028971350972291088,-0.008838149185095845,-0.015207468237571131
SPX,2025-08-14,lev_net,-1.9414253222271989,-1,-0.0028971350972291088,-0.008838149185095845,-0.015207468237571131
NDX,2025-08-13,asset_mgr_net,2.2001771391478147,1,-0.0006960284366803737,-0.005672316461911908,-0.025135970821675513
SPX,2025-08-13,asset_mgr_net,1.9049060665380984,1,0.00030309080129242716,-0.0026954240990864076,-0.01094864551484509
SPX,2025-08-13,lev_net,-2.0432265251113226,-1,0.00030309080129242716,-0.0026954240990864076,-0.01094864551484509
NDX,2025-08-12,asset_mgr_net,2.308695448484702,1,0.00041275898824078006,-0.005332767476099232,-0.019062288264388605
SPX,2025-08-12,asset_mgr_net,1.9941544248504686,1,0.0032300788824048965,0.0006267746874535352,-0.005335235827574336
SPX,2025-08-12,lev_net,-2.1579631256929335,-1,0.0032300788824048965,0.0006267746874535352,-0.005335235827574336
NDX,2025-08-11,asset_mgr_net,1.8372359283611477,1,0.013285725493093592,0.012998401495645462,0.007953918577144226
NDX,2025-08-08,asset_mgr_net,1.9095966762127419,1,-0.0035846726396044915,0.010070171404180872,0.004269180914503012
NDX,2025-08-07,asset_mgr_net,1.9902036404723396,1,0.009480320512675888,0.01922526597981089,0.01893625778562269
NDX,2025-08-06,asset_mgr_net,2.0707909547037273,1,0.003194943580206555,0.009075335293575515,0.022903671684551874
NDX,2025-08-05,asset_mgr_net,2.1696893229640244,1,0.012879976357394352,0.025749176764029436,0.03565117246162508
NDX,2025-08-04,asset_mgr_net,1.9061193093249074,1,-0.007333291331748981,0.008664595561802546,0.014577048537435244
SPX,2025-08-04,lev_net,-1.6237708791180159,-1,-0.004857865996303334,0.001589281839460055,0.006873723022494227
KOSPI200,2025-08-01,asset_mgr_net,-2.7371472998500153,-1,0.009673892374976178,0.02367370222475751,0.03030519110096974
KOSPI200,2025-08-01,lev_net,-1.925303565931352,-1,0.009673892374976178,0.02367370222475751,0.03030519110096974
NDX,2025-08-01,asset_mgr_net,1.9880236171731513,1,0.01868352264707762,0.02423762196139534,0.037251127538274975
SPX,2025-08-01,lev_net,-1.6776585198814449,-1,0.01473710033091602,0.0171609691216994,0.024277042739179855
KOSPI200,2025-07-31,asset_mgr_net,-1.9530093294461286,-1,-0.04076607387140907,-0.016757865937072514,-0.007409940720474184
NDX,2025-07-31,asset_mgr_net,2.0815331383145392,1,-0.019588520112045482,-0.008594950889059372,0.007382603009822741
SPX,2025-07-31,lev_net,-1.73732300724033,-1,-0.015992133140148468,-0.006341334804377152,9.620220054262774e-05
NDX,2025-07-30,asset_mgr_net,2.189676183263268,1,-0.005452507142648,-0.006716557139092361,-0.0013009449629167724
SPX,2025-07-30,lev_net,-1.8038768284406987,-1,-0.0036948193411530106,-0.00518002191506417,-0.00280372849232291
NDX,2025-07-29,asset_mgr_net,2.3167167053576083,1,0.0015921098388198551,-0.02338180888816266,-0.01243077464523179
SPX,2025-07-29,lev_net,-1.878757475310484,-1,-0.0012494327466496813,-0.02085277348854242,-0.011249646580373418
NDX,2025-07-23,asset_mgr_net,1.5408581341253387,1,0.0024806997193898006,0.00836956835200886,0.007900732210746275
NDX,2025-07-22,asset_mgr_net,1.5961365144633506,1,0.004285114357364561,0.00904759456980031,0.010610698872249635
KOSPI200,2025-07-21,lev_net,1.8290536075887456,1,-0.014980670103092786,-0.010424337260677485,-0.002738402061855716
NDX,2025-07-21,asset_mgr_net,2.061761920660599,1,-0.005025028666963638,0.0017173636656167002,0.0076017482361043776
NDX,2025-07-18,asset_mgr_net,2.1865380148235984,1,0.0049680253754575965,0.004202795354697253,0.008964885197291217
NDX,2025-07-17,asset_mgr_net,2.3372358854895676,1,-0.0006750159805400946,-0.000756928412427027,0.0060143864631920785
SPX,2025-07-17,lev_net,-1.5337683030562725,-1,-9.048620868445933e-05,0.0019468879296127284,0.010479031817726803
NDX,2025-07-16,asset_mgr_net,2.5242843887790225,1,0.0075554522208896024,0.011877518409471488,0.011107027175056183
SPX,2025-07-16,lev_net,-1.5934949255857125,-1,0.00537376740890938,0.006689321173945384,0.015200274273783343
NDX,2025-07-15,asset_mgr_net,2.7651213209536873,1,0.0010216857516187616,0.007904046374001439,0.00782143073557795
SPX,2025-07-15,lev_net,-1.6608427219320487,-1,0.003193657417327689,0.00849332380298451,0.010548187956412658
NDX,2025-07-14,asset_mgr_net,1.763536583869873,1,0.001267039380937529,0.009862774003568386,0.014194737808644886
NDX,2025-07-14,lev_net,1.8580161212871562,1,0.001267039380937529,0.009862774003568386,0.014194737808644886
SPX,2025-07-14,lev_net,-1.842964993145523,-1,-0.003956298214731202,0.004594325398225685,0.005908859246186893
NDX,2025-07-11,asset_mgr_net,1.8556274771699814,1,0.0032936468436555177,0.005591209008281917,0.012504986639279014
NDX,2025-07-11,lev_net,1.963922868239626,1,0.0032936468436555177,0.005591209008281917,0.012504986639279014
SPX,2025-07-11,lev_net,-1.9465713390747612,-1,0.001407413809457303,0.0006310468169654637,0.005917175456288115
NDX,2025-07-10,asset_mgr_net,1.9639433147705276,1,-0.0021314819993975,0.002423647489802283,0.011029311427965371
NDX,2025-07-10,lev_net,2.0904125226437196,1,-0.0021314819993975,0.002423647489802283,0.011029311427965371
SPX,2025-07-10,lev_net,-2.070002569919321,-1,-0.0032975229626984737,-0.005843552150760267,0.0026908701669721147
NDX,2025-07-09,asset_mgr_net,2.0938885754204946,1,-0.0015591747521148669,-0.0004058313289485582,0.0018832589579727
NDX,2025-07-09,lev_net,2.245153320566429,1,-0.0015591747521148669,-0.0004058313289485582,0.0018832589579727
SPX,2025-07-09,lev_net,-2.2205137491663653,-1,0.0027462050044453346,0.0008462514995530857,7.03195626527986e-05
NDX,2025-07-08,asset_mgr_net,2.253777264365154,1,0.007164935468951361,0.0034511825645036076,0.008031796132542013
NDX,2025-07-08,lev_net,2.440517617777702,1,0.007164935468951361,0.0034511825645036076,0.008031796132542013
SPX,2025-07-08,lev_net,-2.409718071984674,-1,0.0060621034026635545,0.005498332727444488,0.002929834943350418
NDX,2025-07-07,lev_net,2.302919683238464,1,0.000735255374682442,0.006333958156909292,0.007496419289106271
NDX,2025-07-03,lev_net,2.526329767164749,1,-0.007932856213447192,-9.011018126325876e-05,-0.00377711131357672
NDX,2025-07-02,lev_net,2.831076783013087,1,0.009940869419997833,0.0026658275141280274,0.008275331054647728
NDX,2025-07-01,basis_bp,1.5639801632525134,1,0.007285292831930468,0.009228501000495104,0.017206915436818182
NDX,2025-07-01,lev_net,3.2825770896674595,1,0.007285292831930468,0.009228501000495104,0.017206915436818182
SPX,2025-07-01,basis_bp,1.6634753600703909,1,0.004745096791088033,0.005158142057319903,0.010527572957675035
KOSPI200,2025-06-30,basis_bp,2.069149261877703,1,0.0040038591413409375,0.015291847563916994,-0.00381090207428858
KOSPI200,2025-06-30,lev_net,-1.668653860892623,-1,0.0040038591413409375,0.015291847563916994,-0.00381090207428858
NDX,2025-06-30,basis_bp,1.619305872164817,1,-0.008857481359458519,0.00828788114836021,0.0010247464336041734
NDX,2025-06-30,lev_net,1.8433423486374272,1,-0.008857481359458519,0.00828788114836021,0.0010247464336041734
NDX,2025-06-30,oi_chg_w,-2.0588883030486542,-1,-0.008857481359458519,0.00828788114836021,0.0010247464336041734
SPX,2025-06-30,basis_bp,1.6497427283124173,1,-0.001118531087121899,0.011990410881936642,0.003315066772701769
SPX,2025-06-30,oi_chg_w,-2.2414245556598846,-1,-0.001118531087121899,0.011990410881936642,0.003315066772701769
KOSPI200,2025-06-27,lev_net,-2.250977712182844,-1,0.00455514634619103,0.004143244814886593,4.8459003682888024e-05
NDX,2025-06-27,basis_bp,1.7724790249316975,1,0.006426256618629056,0.004779020776580101,0.0067173939610887246
NDX,2025-06-27,lev_net,1.978068932758093,1,0.006426256618629056,0.004779020776580101,0.0067173939610887246
NDX,2025-06-27,oi_chg_w,-2.2425541452406446,-1,0.006426256618629056,0.004779020776580101,0.0067173939610887246
SPX,2025-06-27,basis_bp,1.874245127451151,1,0.005164427424532603,0.008804387315208828,0.009219101333784563
SPX,2025-06-27,oi_chg_w,-2.4766011662504277,-1,0.005164427424532603,0.008804387315208828,0.009219101333784563
KOSPI200,2025-06-26,lev_net,-1.8106997870457884,-1,-0.007073088582014164,0.001443487465716986,0.01270268969831112
NDX,2025-06-26,basis_bp,1.9726261126938875,1,0.0038717439779929474,0.0013739653278008745,0.01869631737963906
NDX,2025-06-26,lev_net,2.147726888602014,1,0.0038717439779929474,0.0013739653278008745,0.01869631737963906
NDX,2025-06-26,oi_chg_w,-2.486615399936827,-1,0.0038717439779929474,0.0013739653278008745,0.01869631737963906
SPX,2025-06-26,basis_bp,2.2387906609349892,1,0.005218970885222163,0.009280175917436573,0.022525586577644585
SPX,2025-06-26,oi_chg_w,-2.806387092856894,-1,0.005218970885222163,0.009280175917436573,0.022525586577644585
NDX,2025-06-25,basis_bp,2.195956741591337,1,0.00942311700363696,0.01984327214003012,0.01817407642887492
NDX,2025-06-25,lev_net,2.3706022958291437,1,0.00942311700363696,0.01984327214003012,0.01817407642887492
NDX,2025-06-25,oi_chg_w,-2.833592948098445,-1,0.00942311700363696,0.01984327214003012,0.01817407642887492
SPX,2025-06-25,basis_bp,2.5767221085570946,1,0.008020121275230219,0.018513964861345267,0.02220226687347271
SPX,2025-06-25,oi_chg_w,-3.3178911927651904,-1,0.008020121275230219,0.018513964861345267,0.02220226687347271
NDX,2025-06-24,basis_bp,2.434435505001111,1,0.002127967443867229,0.015487680989893393,0.012961000201909156
NDX,2025-06-24,lev_net,2.681970507731344,1,0.002127967443867229,0.015487680989893393,0.012961000201909156
NDX,2025-06-24,oi_chg_w,-3.384666801002179,-1,0.002127967443867229,0.015487680989893393,0.012961000201909156
SPX,2025-06-24,basis_bp,2.9233177501387924,1,-3.2861029504172024e-06,0.013277619194367762,0.017371382130893398
SPX,2025-06-24,oi_chg_w,-4.278164724896523,-1,-3.2861029504172024e-06,0.013277619194367762,0.017371382130893398
